Product Title,Price,Condition,Seller Rating (%),Seller Feedback Count,Item Country,Product URL
Apple iPhone 6s A1633 With Sim Card Tray,6.5,For parts or not working,97.7,1724,US,https://www.ebay.com/itm/277261159957?_skw=smartphone+with+barometer&hash=item408e0d8e15:g:s68AAeSwWGloYuDD
MINT - Original OEM Replacement Sonim XP8 Battery 3.5V 4900mAh (BAT-04900-01S),13.99,Used,100.0,7954,US,https://www.ebay.com/itm/167551164145?_skw=smartphone+with+barometer&hash=item2702d3def1:g:v-UAAOSwRlRoOhMX
Kyocera DuraForce Pro E6830 Sprint Only 32GB Black C,14.84,Used,98.0,152834,US,https://www.ebay.com/itm/196539926296?_skw=smartphone+with+barometer&hash=item2dc2b14718:g:Jo4AAOSwb7Zmrl8S
Cell Phone Coolpad Untested,15.44,For parts or not working,99.1,595,US,https://www.ebay.com/itm/267285288149?_skw=smartphone+with+barometer&hash=item3e3b71d4d5:g:HbsAAeSwRWdoR8Nh
Samsung SGH-A157 Flip Phone with Good Battery AT&T,19.0,Used,100.0,68,US,https://www.ebay.com/itm/167625679291?_skw=smartphone+with+barometer&hash=item270744e1bb:g:wWkAAeSw07NoZBqT
LG Optimus Enlighten VS 700 Black Verizon Android Smartphone with Keyboard,19.95,Used,100.0,100,US,https://www.ebay.com/itm/296905577780?_skw=smartphone+with+barometer&hash=item4520f39534:g:sVQAAOSwYz1nbaaX
"Alcatel TRU 5065N Android Smartphone MetroPCS 5"" Display 5MP 8GB Camera 4G LTE",19.95,Used,96.7,43091,US,https://www.ebay.com/itm/297028385370?_skw=smartphone+with+barometer&hash=item4528457a5a:g:aXMAAOSwwlZnq5cW
"KYOCERA DuraForce Pro E6830 5"" Sprint 32GB Rugged Android Smartphone | C14*",19.99,Used,99.6,52197,US,https://www.ebay.com/itm/336022470896?_skw=smartphone+with+barometer&hash=item4e3c8000f0:g:dJYAAOSwfcVn2aRM
Kyocera DuraForce Pro E6833 Sprint Only 32GB Black C,20.0,Used,100.0,743,US,https://www.ebay.com/itm/286678861342?_skw=smartphone+with+barometer&hash=item42bf64461e:g:dnEAAeSwPD9oYC~P
Samsung Galaxy S4,20.0,Used,100.0,365,US,https://www.ebay.com/itm/187357728234?_skw=smartphone+with+barometer&hash=item2b9f640dea:g:YnQAAeSwdk1oWFDk
Kyocera DuraForce Pro E6830 Sprint Only 32GB Black TESTED***,20.95,Used,93.3,1828,US,https://www.ebay.com/itm/276791312975?_skw=smartphone+with+barometer&hash=item40720c424f:g:oK0AAOSwYytna09B
Kyocera E6810 DuraForce Pro Verizon/Unlocked Smartphone ,23.9,Used,96.5,3973,US,https://www.ebay.com/itm/176937653852?_skw=smartphone+with+barometer&hash=item29324e565c:g:KDEAAOSwnVtn7YrS
MOTOROLA MOTO Z2 FORCE XT1789-01 VERIZON 64GB GOLD 386,25.0,For parts or not working,94.2,1550,US,https://www.ebay.com/itm/365669173990?_skw=smartphone+with+barometer&hash=item552394cae6:g:S7AAAOSwGVlngq~V
Samsung Galaxy S4 - 32 GB - Black Mist (AT&T) - Very Good Condition ,27.5,Used,96.9,118,US,https://www.ebay.com/itm/326668338125?_skw=smartphone+with+barometer&hash=item4c0ef343cd:g:1SMAAeSwdlJoZYks
Kyocera DuraForce Pro 2 - E6910 - 64GB (Verizon) 4G LTE Waterproof Rugged Phone,29.71,Used,99.9,5057,US,https://www.ebay.com/itm/177110492725?_skw=smartphone+with+barometer&hash=item293c9ba635:g:0HAAAOSwoNFoEmR4
Samsung Galaxy S7 - 32 GB - Black Onyx (Sprint) (C5),33.0,Used,99.1,3015,US,https://www.ebay.com/itm/197277626784?_skw=smartphone+with+barometer&hash=item2deea9b1a0:g:~0oAAeSwQ3toFQz~
Coolpad Legacy Cp3705as 32 Gig Boost Mobile,35.0,Used,99.4,1226,US,https://www.ebay.com/itm/116672915202?_skw=smartphone+with+barometer&hash=item1b2a3f6702:g:vb8AAeSwrE9oYdIn
Sonim XP3 Plus XP3900 T-Mobile Only 16GB Black A,38.79,Used,98.0,152834,US,https://www.ebay.com/itm/176493201403?_skw=smartphone+with+barometer&hash=item2917d087fb:g:Z5AAAOSwEgVmpWMv
LG V20 - 64GB - Black- T-Mobile,40.0,Used,99.8,5161,US,https://www.ebay.com/itm/267295422523?_skw=smartphone+with+barometer&hash=item3e3c0c783b:g:Ca4AAOSwAuVoUx5D
"LG V30, Locked to T-Mobile | 64 GB, Silver, 6.0 in Screen | Grade B- | H931",44.11,Used,96.6,2262,US,https://www.ebay.com/itm/365541519203?_skw=smartphone+with+barometer&hash=item551bf8ef63:g:gDwAAOSwgQRn~-wf
Sonim XP3 Plus XP3900 T-Mobile Only 16GB Black,44.95,Used,100.0,898,US,https://www.ebay.com/itm/157163366451?_skw=smartphone+with+barometer&hash=item2497aaa833:g:qwEAAeSwE9hocYDu
Kyocera DuraForce Pro 2 E6910 Verizon 64GB,47.99,Used,97.2,6408,US,https://www.ebay.com/itm/126976503471?_skw=smartphone+with+barometer&hash=item1d9063aeaf:g:BfYAAeSwM8pnyF6E
Motorola Moto G Play (2023) XT2271 32GB 3GB Unlocked Blue Good - Has Scratches,48.51,Used,99.0,466,US,https://www.ebay.com/itm/277220118788?_skw=smartphone+with+barometer&hash=item408b9b5104:g:2qYAAOSwgCJoCT7K
Samsung Galaxy S7 - 32GB - ALL COLORS Unlocked AT&T Verizon Works Great!,49.99,Used,97.2,6408,US,https://www.ebay.com/itm/125919943774?_skw=smartphone+with+barometer&hash=item1d5169dc5e:g:O9IAAOSwjYVkb5I9
Motorola Moto G Stylus 5G (2023) XT2315-5 Cricket Only 128GB Cosmic Black Good,50.0,Used,100.0,9,US,https://www.ebay.com/itm/388693952677?_skw=smartphone+with+barometer&hash=item5a7ff708a5:g:VR4AAeSwfAtocHe1
KYOCERA DURAFORCE XD E6790 16GB BRAND NEW AT&T UNLOCKED + FREE 32GB MICROSD CARD,52.99,New,98.7,6555,US,https://www.ebay.com/itm/197242075790?_skw=smartphone+with+barometer&hash=item2dec8b3a8e:g:Mp4AAOSwc1BoAmCo
Motorola Moto G Power (2022) XT2165-5 Unlocked 64GB Black C,54.99,Used,98.0,152834,US,https://www.ebay.com/itm/186610291252?_skw=smartphone+with+barometer&hash=item2b72d71234:g:ldsAAOSw~5ZmrkKt
Samsung Galaxy S10 128GB Verizon SM-G973U Prism Black DEFECTIVE B1124,59.95,For parts or not working,99.0,116816,US,https://www.ebay.com/itm/406037809846?_skw=smartphone+with+barometer&hash=item5e89bd4ab6:g:ZrgAAeSwDj5ocMsP
Sonim XP3 Plus XP3900 4G LTE 16GB - Verizon T-Mobile - Ultra Rugged Flip Phone,59.99,Used,97.2,6408,US,https://www.ebay.com/itm/126610999441?_skw=smartphone+with+barometer&hash=item1d7a9a8891:g:~4AAAOSwwhZmsRll
Nokia 6.1 TA-1045 Unlocked 32GB Black/Copper A,59.99,Used,98.0,152834,US,https://www.ebay.com/itm/187370527479?_skw=smartphone+with+barometer&hash=item2ba0275af7:g:MH0AAeSwJWRoXvdi
Motorola Moto G Power (2021) - Verizon - XT2117-4 64GB - Flash Gray,69.98,Open box,99.7,21085,US,https://www.ebay.com/itm/157018486539?_skw=smartphone+with+barometer&hash=item248f07f70b:g:IL8AAOSwAjdoMNxN
Samsung Galaxy S9+ SM-G965U Unlocked 64GB Lilac Purple A Extreme Burn,74.99,Used,98.0,152834,US,https://www.ebay.com/itm/186696504345?_skw=smartphone+with+barometer&hash=item2b77fa9419:g:8nUAAOSwU3Rm71ZI
AT&T Apple iPhone XR 64GB A1984 MT3M2LL/A Red,79.99,For parts or not working,99.1,209,US,https://www.ebay.com/itm/365726696448?_skw=smartphone+with+barometer&hash=item5527028400:g:yMkAAeSwy3loctIH
(Carrier Locked & Unlocked) Samsung Galaxy XCover Pro G715U 64GB Black - A GRADE,79.99,Used,98.8,6811,US,https://www.ebay.com/itm/146549056238?_skw=smartphone+with+barometer&hash=item221f0122ee:g:e88AAOSw6zxoDzTu
Samsung Galaxy S10 SM-G973U 128GB Prism Blue AT&T Only W052117,81.27,Used,97.1,28870,US,https://www.ebay.com/itm/267297348897?_skw=smartphone+with+barometer&hash=item3e3c29dd21:g:dUwAAeSw9S1oVXhF
Motorola G Play (2024)  - Unlocked -  Very Good Condition (1 Year Warranty),81.53,Very Good - Refurbished,99.0,3053,US,https://www.ebay.com/itm/156850023570?_skw=smartphone+with+barometer&hash=item2484fd6c92:g:LisAAOSwv0Rn7m8U
iPhone XR,84.89,Used,100.0,36,US,https://www.ebay.com/itm/388581237090?_skw=smartphone+with+barometer&hash=item5a793f2162:g:gBoAAeSwiJZoTbx4
"Original - Google Pixel 1st  (2016) Unlocked 32GB/128GB 5.0"" Blue/Black/Silver",85.0,Used,95.5,20,CN,https://www.ebay.com/itm/357279130832?_skw=smartphone+with+barometer&hash=item532f7ee4d0:g:P3sAAeSwoEpocyiC
Motorola Nexus 6 32GB Unlocked Smartphone Rooted KaliNethunter Pentest XT1103 Wh,85.0,Used,100.0,84,US,https://www.ebay.com/itm/376396258953?_skw=smartphone+with+barometer&hash=item57a2f71e89:g:Yf4AAeSw9xFocHAI
Samsung Galaxy S10e SM-G970U1 Unlocked 128GB Prism White C Light Burn,89.99,Used,98.0,152834,US,https://www.ebay.com/itm/196982748948?_skw=smartphone+with+barometer&hash=item2ddd163714:g:YlYAAOSwDQlnnBS6
Google Pixel 6a GX7AS 128GB Charcoal ‚ÄúDEMO‚Äù,90.0,For parts or not working,100.0,102,US,https://www.ebay.com/itm/357238584756?_skw=smartphone+with+barometer&hash=item532d1435b4:g:8eQAAeSwCtxoat9c
Motorola Moto G Stylus 5G (2024) w/128GB (Caramel Latte) Total Wireless,95.0,Open box,100.0,35,US,https://www.ebay.com/itm/357276119198?_skw=smartphone+with+barometer&hash=item532f50f09e:g:zHEAAeSwlJ5oceiW
NEW! Sonim XP3 Plus XP3900 Rugged Flip for T-Mobile with Belt Clip,98.5,Open box,99.4,21788,US,https://www.ebay.com/itm/256832649011?_skw=smartphone+with+barometer&hash=item3bcc6b3733:g:Md4AAOSwq1VnvjKc
Google Pixel 6a 128gb Smartphone With Cracked Screen In Right Corner.,100.0,For parts or not working,95.5,23,US,https://www.ebay.com/itm/226854345989?_skw=smartphone+with+barometer&hash=item34d1929d05:g:qesAAeSwXcVobGas
"IPhone 8 With TikTok Installed, 64GB, SIM Unlock",100.0,Open box,0.0,0,US,https://www.ebay.com/itm/335784680448?_skw=smartphone+with+barometer&hash=item4e2e539c00:g:OGMAAOSw4b9nlVIv
Apple iPhone SE 2nd Gen 64GB White Unlocked 89% Battery With Cables And Earbuds,100.0,Used,100.0,179,US,https://www.ebay.com/itm/136149266491?_skw=smartphone+with+barometer&hash=item1fb320f03b:g:h0cAAeSw1sJocsdT
Google Pixel 6a GX7AS Unlocked 128GB Charcoal C,104.85,Used,98.0,152834,US,https://www.ebay.com/itm/186586397485?_skw=smartphone+with+barometer&hash=item2b716a7b2d:g:QiMAAOSwBeBmn9Rp
Motorola Moto G (2024) 5G - Unlocked - Excellent Condition (1Year Warranty),109.52,Excellent - Refurbished,99.0,3053,US,https://www.ebay.com/itm/156945771187?_skw=smartphone+with+barometer&hash=item248ab26ab3:g:3QQAAOSwH2poAM5s
Samsung Galaxy S10 SM-G973U 128GB 6GB Sprint Unlocked Good -Light Shadow Screen,113.85,Used,99.0,466,US,https://www.ebay.com/itm/277246024574?_skw=smartphone+with+barometer&hash=item408d269b7e:g:zHUAAOSwjx1oEN87
Samsung GalaxyS10 SM-G973U 128GB 6GB VPO Unlocked Good - Light Shadow on Screen,113.85,Used,99.0,466,US,https://www.ebay.com/itm/277250002526?_skw=smartphone+with+barometer&hash=item408d634e5e:g:nVoAAeSwcjRoZGYF
Samsung Galaxy S10 | S10 Plus | S10e - 128GB | 512GB - (Unlocked) - Very Good,113.95,Very Good - Refurbished,99.0,4006,US,https://www.ebay.com/itm/266306270479?_skw=smartphone+with+barometer&hash=item3e0117350f:g:TpgAAOSwEjRkkfqo
Good 6/10 Samsung Galaxy S10 SM-G973U 128GB Prism Black Unlocked with Image Burn,114.99,Used,97.5,1598,US,https://www.ebay.com/itm/388381283545?_skw=smartphone+with+barometer&hash=item5a6d5414d9:g:ZfUAAOSw10VoG18n
Apple iPhone SE 2nd Gen 64GB  Factory Unlocked works only with Tmobile- OPEN BOX,115.25,Open box,96.9,3373,US,https://www.ebay.com/itm/396444457756?_skw=smartphone+with+barometer&hash=item5c4dee5b1c:g:V04AAOSwx2Zn-OYv
iPhone XS  - 64GB - Black  (Unlocked),116.86,Used,98.2,53,CA,https://www.ebay.com/itm/406038874517?_skw=smartphone+with+barometer&hash=item5e89cd8995:g:fs8AAeSw1sJocUXZ
Sonim XP8 - 64 GB - Black (As a part or use with Wifi),119.9,New,100.0,19,US,https://www.ebay.com/itm/316455614623?_skw=smartphone+with+barometer&hash=item49ae39789f:g:QQwAAOSw8jxnyiim
"UNLOCKED, PREOWNED Samsung Galaxy S20 5G Smartphone with Quad Camera",120.0,Used,100.0,8,US,https://www.ebay.com/itm/357267557558?_skw=smartphone+with+barometer&hash=item532ece4cb6:g:bNkAAeSwNSJocEnQ
Samsung Galaxy S20 Ultra 5G SM-G988U 128GB Unlocked LCD BURN With NICE GLASS,123.99,For parts or not working,98.1,920,US,https://www.ebay.com/itm/396849145563?_skw=smartphone+with+barometer&hash=item5c660d66db:g:HkcAAeSwi~RocUCF
Samsung Galaxy S10 SM-G973U AT&T Only 128GB Prism Black A,124.99,Used,98.0,152834,US,https://www.ebay.com/itm/186586574598?_skw=smartphone+with+barometer&hash=item2b716d2f06:g:clEAAOSw26pmn-uL
Google Pixel 6a - 128 GB - Charcoal - Great condition with no blemishes,125.0,Used,100.0,79,US,https://www.ebay.com/itm/286698095861?_skw=smartphone+with+barometer&hash=item42c089c4f5:g:rOMAAeSwDiNobt6B
Samsung Galaxy S10e SM-G970U Unlocked 128GB Prism Black,129.99,Open box,98.0,60364,US,https://www.ebay.com/itm/306287231784?_skw=smartphone+with+barometer&hash=item4750244328:g:TJMAAOSwtcxoFT69
Samsung Galaxy S20 S20+ S20 FE S20 Ultra 5G Unlocked Verizon T-Mobile AT&T Metro,130.46,Very Good - Refurbished,99.4,6296,US,https://www.ebay.com/itm/276346965314?_skw=smartphone+with+barometer&hash=item4057900d42:g:-XcAAOSwbaxl1jGN&amdata=enc%3AAQAKAAAA8PeG5RIuIyokJHJy903%2F5UYZYberX3pAptftcsBDegqol2jwyVeLDhp9r4JzOlBdaJaPa3hvLJdVwSpZ6Ysc04iyEKMI6d%2B2PIgd07TmTJt%2FOOu2ys1wkeMUfP9y61Vsgf3xBVJMGRXMYRpW4LA1YjdpmXAw94nFyNN2Q4ChMxEsvGFttaVyfp3FOzYruMFNDYVzFSXSdNrboPfwlA4fvOESx2yXchwrDPpo8AvwU745xXn2KPeN%2FaoFDe3zrbzcVv6Pq93jJQPPC3jgYk2EJoHKtwmY0mzB9bKICYfZknp6GvbBuYcOs0%2FzgA2vGncPcA%3D%3D
Sonim XP10 XP9900 AT&T Only 128GB Black C,132.99,Used,98.0,152834,US,https://www.ebay.com/itm/196822689450?_skw=smartphone+with+barometer&hash=item2dd38be6aa:g:8C0AAOSw73RnOiu0
Samsung Galaxy Note 20 5G N981U GSM Unlocked 128GB Smartphone - Image Burn,144.99,Used,98.1,145106,US,https://www.ebay.com/itm/403885112947?_skw=smartphone+with+barometer&hash=item5e096dbe73:g:or4AAOSwA9ZhI3gz
Samsung Galaxy S20 Ultra 5G SM-G988U Unlocked 128GB Cosmic Gray C Extreme Burn,144.99,Used,98.0,152834,US,https://www.ebay.com/itm/196600317138?_skw=smartphone+with+barometer&hash=item2dc64ac4d2:g:zUgAAOSwHHJm1UFU
"Sonim XP8 XP8800 64GB 5"" Unlocked Rugged Smartphone with Direct Mode",149.95,Used,99.5,5247,US,https://www.ebay.com/itm/167582442516?_skw=smartphone+with+barometer&hash=item2704b12414:g:43cAAeSwXeVoM6ir
Samsung Galaxy S20 5G SM-G981V Verizon Only 128GB Cosmic Gray Very Good,149.99,Very Good - Refurbished,98.0,152834,US,https://www.ebay.com/itm/186920602195?_skw=smartphone+with+barometer&hash=item2b85560a53:g:G6EAAOSwzJpnnBQO
New Other Samsung Galaxy S10e Verizon Unlocked T-Mobile Straight Talk Boost Mint,150.39,Open box,98.7,4311,US,https://www.ebay.com/itm/176521555127?_skw=smartphone+with+barometer&hash=item2919812cb7:g:rLwAAOSw9qVhSet6&amdata=enc%3AAQAKAAAA8PeG5RIuIyokJHJy903%2F5UYkdPZ8R2F2okM8p4gh77YYyU9Xyf6HWPv%2BtIntLC7EsiGgE0%2BYo7pJ9Szg2OaEhTqJWBjkSsWw%2FwcfWPICx5cLNb3SyqTUGRUPbICLN8kKc5OFnEXxWQ2wR9cY%2FhowYhl4Tzy%2F1zyxc%2FClG5hrqeY8%2Fcdx2pKi25bSb8RGStI8pObLodBnVAPJvRNztPe8nDwIz45jXhh3GGoex0feFmyJZnHyyHGeyr7PbRbGLjt2tFL8Kz%2BM1%2F0PGe6cfDEbjYlLqYkm64JoE8Hf58avx%2Bb1%2BtGUfoEVojvE7dl454Dn6w%3D%3D
APPLE IPHONE 12 - UNLOCKED - 128GB -A2172 WITH SCRATCHES,165.75,Used,98.3,19197,US,https://www.ebay.com/itm/127098665309?_skw=smartphone+with+barometer&hash=item1d97abb95d:g:cwMAAeSwCR9oZq3~
APPLE IPHONE 8 Unlocked CELL PHONE SMART PHONE COMES WITH SIM AND ACTIVATION,169.0,Open box,100.0,22,US,https://www.ebay.com/itm/388672467511?_skw=smartphone+with+barometer&hash=item5a7eaf3237:g:-FcAAeSwXopoaUmN&amdata=enc%3AAQAKAAAA8PeG5RIuIyokJHJy903%2F5UaZ3jzddExQsWa4coYpwNc3taJIABYZORMdgrsR%2F8Kq%2BSocedscpNwu%2FX6UhKHX26aO%2BCBaEsY6u2PiBfZcTendBdL7tGF2lviN2e4%2Ba2VSMGji8fULftQdInjNSL6bc0ejrka6I2PseLsPTmqVLT8VD4et5jmpB8UWqJ2vh3MezUJXao5kIIqK%2FXoV8gyyeGH80Z5HcPk99p6FToSurTx6vu5PR5xDX5Lz3g8D1W6vafSOXdtJhnPG9pJ5KqCZtEAVDXSd7X0j6KplcMsgtR6jmJ0yPAjgl7CgQcTkNC7QIw%3D%3D
Apple iPhone 12 A2172 Spectrum Only 128GB Black A-,174.99,Used,98.0,152834,US,https://www.ebay.com/itm/197370360194?_skw=smartphone+with+barometer&hash=item2df430b182:g:HrkAAeSwKQtoOOCu
New Other Samsung Galaxy S10 G973 Straight Talk Unlocked T-Mobile Boost Verizon,179.99,Open box,98.7,4311,US,https://www.ebay.com/itm/176581706838?_skw=smartphone+with+barometer&hash=item291d170456:g:HbgAAOSw2R9gfwYj
OnePlus Nord N30 CPH2515 Unlocked 128GB Chromatic Gray Sealed,182.0,New,98.8,8060,US,https://www.ebay.com/itm/406030914454?_skw=smartphone+with+barometer&hash=item5e89541396:g:v48AAeSw1JRobWMp
Samsung Galaxy S21 S21+ S21 Ultra 5G 128GB 256GB (Unlocked) - Very Good,184.45,Very Good - Refurbished,99.0,4006,US,https://www.ebay.com/itm/267207048642?_skw=smartphone+with+barometer&hash=item3e36c7fdc2:g:hT0AAOSwfnRm6w8I
Samsung Galaxy Note 20 5G - N981U - Fully Unlocked - 128GB - Mystic Gray,189.0,Used,100.0,461,US,https://www.ebay.com/itm/357267823479?_skw=smartphone+with+barometer&hash=item532ed25b77:g:rP0AAeSwQ-poYLv~
"GSM UNLOCKED SAMSUNG GALAXY S22, SM-S901U 128GB SMARTPHONE WITH NO SCREEN BURN",189.99,Used,100.0,8348,US,https://www.ebay.com/itm/388310916001?_skw=smartphone+with+barometer&hash=item5a69225ba1:g:LqMAAOSwyTZoCTju
Apple iPhone 12 - 64GB - Black A2172 - Unlocked - Works With Any Carrier,189.99,Used,98.0,497,US,https://www.ebay.com/itm/167594642538?_skw=smartphone+with+barometer&hash=item27056b4c6a:g:fpQAAOSw4xtn5~XX&amdata=enc%3AAQAKAAAA8PeG5RIuIyokJHJy903%2F5UYStm44wr0ZNy0pTZ2mAu5tqjB3aX95aBvdvpSbOn2jgUxtJW%2BwH277PNKkwMLuaFheFyzXIwTyHXA2CMNBooaog9OLJmKOBmFRf4x7Kk7dHKjVhrxewIwseE1g0rmx37GJWm6Gbp%2Flf9YgTqMrYYYL9GR6NI7TRne%2BsfpR5mCzYRMEE8bDqKDwcWohX7gjNK7DyeK8%2FUG%2Bs6T81y8U8Kk%2BEObIOzT33asU3xB8PY%2F4Pl5MUX1OGFAbNsuWT5FEBWxTDDO5ZmpgqCekHHqCjM4FuXBjQWnybWoxanq58pVf4A%3D%3D
New Other Samsung Galaxy S10 G973U Unlocked Verizon T-Mobile AT&T Mint Boost,189.99,Open box,98.2,21577,US,https://www.ebay.com/itm/235606704450?_skw=smartphone+with+barometer&hash=item36db410142:g:7A8AAOSwvRBg7cAE&amdata=enc%3AAQAKAAAA8PeG5RIuIyokJHJy903%2F5UYvgRLK1dFEr8Y%2BdhW%2Fy1MT%2BEKRrtQzZwEh6Jf86aeUA7KJOHWusKYfT81GsX6oflek4xeTBEMBIRAcMBu7mI0TNmNYfQ5WfYKqHUuFpHzAc9xLb0rM1HpkI4o8RPLTdSLy5iKwwb3i6FoYYdWzaDlqEXlaWmz7zRpO4L%2BQTniepfvQAKJGxXK7IJDRlUjYvNEwFsu5IDQZkPAiyCYexUsN2Z%2FezK3wQ2Cs5MSkKLp0FkqlYkOGDdP9OZf4cU%2BwXiRsgbT6omfyYpM%2B%2F3FkQaVUUYVyJhIB1DJf0s5jSHJ5%2Fg%3D%3D
Samsung Galaxy Note 20 5G N981U GSM Unlocked 128GB Smartphone - Very Good,189.99,Very Good - Refurbished,98.1,145106,US,https://www.ebay.com/itm/194969873264?_skw=smartphone+with+barometer&hash=item2d651c2b70:g:or4AAOSwA9ZhI3gz
Samsung Galaxy S10+ Plus Factory Unlocked AT&T Verizon T-Mobile Sprint Open Box,199.48,Excellent - Refurbished,99.6,75195,US,https://www.ebay.com/itm/114789287210?_skw=smartphone+with+barometer&hash=item1ab9f9852a:g:7~oAAOSwPMxlq~cT&amdata=enc%3AAQAKAAAA8PeG5RIuIyokJHJy903%2F5UYyvHb3oU2XN4yNgCI%2FoOCjQq4n56U%2F2Xg64610U6KmSMJmEovPUrNzSgyPol4gA8H8kNmaPii%2FKfnLuk8187kg4A6mbTXnnixRazmkyId8i2OLzwh1t%2B9yFKd6OuIDI1dSip1zSHl8lxJdT2%2FEFW8v3fNrRG4N16HvZzSL1jECOxdgd3yZk0SlNTLaVh9RrxdOHRIy0BwB2zh%2F0iKoIKMUbeyOFUSAqKgJIjAHxMbqp%2BukTQQ6cFzPdhKN8fPWe7g83amEmKhEVq2LGy4DMbImN7dqCVlhJnzTeCWZ4qzr2g%3D%3D
Lot 5 Kyocera DuraForce Pro 2 E6910 Verizon 64GB Android Smartphone RESET READ !,199.99,Used,99.6,6047,US,https://www.ebay.com/itm/297271628860?_skw=smartphone+with+barometer&hash=item4536c5143c:g:xGAAAeSwH7xoFTOf
Motorola Moto Edge+ (2022) XT2201-3 Unlocked 512GB Cosmos Blue Good,199.99,Good - Refurbished,98.0,152834,US,https://www.ebay.com/itm/176503846119?_skw=smartphone+with+barometer&hash=item291872f4e7:g:PZMAAOSwERdmrVcw
NEW Sealed Samsung Galaxy S20+ Plus 5G SM-G986U 128GB Unlocked smartphone 6.7 in,204.39,New,98.2,266,US,https://www.ebay.com/itm/396415557884?_skw=smartphone+with+barometer&hash=item5c4c3560fc:g:g0EAAOSwnyNn80VH&amdata=enc%3AAQAKAAAA8PeG5RIuIyokJHJy903%2F5UaVF33oGauqPXL8HODLN39UcuWT36Wmr92P9Jw7yg0s0PD%2BnsfXXyR9L7c4A%2Fhde75a9Y%2FVSzDIb9SDeoND4WeQKybi5VGWvzQxZrCBpZOmWMQw7vdRYa1AeqjqQd2Ex9EYpIxFk3AoPe4H42r%2FTSHfra%2BTuVjdDG8N43kStwVyZKMfbrVi%2FdWIcM7eOQfl9WkmMx2y4qDr5C8ouwoaKgCKwxmIS9sE%2Ff%2BkEVysp5GPDFzVcV7Ix9plZlNQexipmlorjPCJLvIKITeXia8egdWEqpbYYsxSiuygN3um2drmjg%3D%3D
NEW-Sealed Samsung Galaxy S20+ PLUS 5G 128GB G986U GSM CDMA Unlocked Smartphone,206.09,New,98.6,465,US,https://www.ebay.com/itm/146508879137?_skw=smartphone+with+barometer&hash=item221c9c1521:g:3JkAAOSwPR1n90GD&amdata=enc%3AAQAKAAAA8PeG5RIuIyokJHJy903%2F5UaOZWEAmShRVNasWtC5eEjjib0oTWtOFCG%2BEVMmKDDNv6RRdnPLyk%2BIn%2BtTbGPhkVbcESbIHmIMJtuM%2BJseUYpursgsPSkTz9E%2FksNo%2FE%2FQFbatNPTNg9cZzcrZ%2Fbnv9aHfZ5PgPlzRcQl%2F6dC1HHSI8riQQxpUkVNHIUF6R2tuOpHriUFFNAuiBiI8hh%2B1XAQjamHB%2F9f2e05ugnKpLYT3VPNS1uBbuhvbBm%2BpNq1eJvcOULB4WgdVtErVQr5UbvahxOEtzlAIM7hiiA2NMM07PCvuF5bWYpW%2BEzRsDaXERQ%3D%3D
Apple iPhone 11 / 11 pro / 11 pro max  Unlocked 64GB 128GB 256GB - VERY GOOD,227.0,Used,95.5,20,CN,https://www.ebay.com/itm/356869419509?_skw=smartphone+with+barometer&hash=item53171331f5:g:Ua8AAOSwAVdoG0Vn
Samsung S10+ Plus G975U1 128gb Fully UNLOCKED AT&T Verizon T-Mobile EXCELLENT,227.88,Excellent - Refurbished,99.6,75195,US,https://www.ebay.com/itm/124482516629?_skw=smartphone+with+barometer&hash=item1cfbbc7695:g:1~kAAOSwr~hfNU2c
Samsung Galaxy S23 128GB S911U Unlocked with LCD Shadows - Used/Good,239.99,Used,100.0,208090,US,https://www.ebay.com/itm/365139863829?_skw=smartphone+with+barometer&hash=item5504082915:g:JioAAOSwYDZm9A~C&amdata=enc%3AAQAKAAAA8PeG5RIuIyokJHJy903%2F5UZDb%2BDFQ63vYFUYIqGRMnZKp3By6RdIHzEL8bddPrBFbs4fnAJCG5p0SDLHBCl1QDL9mJIr9IcGmygcYVsfUTB2SNJrkce71Q5UWrjDVfnfk8LG4bZ9F39R%2FiJYbe0E1hRF0ueaASZlMirFbrVLcDjpLmSd7k828oFxA45j2Sua6%2FyML5kOJvebOimlRcmq9LY5GHxZkyumo7nIBqZb7mbNDiKppcHFCEsR1%2BvzlSUQUIBmTRUt5U8Kj0hcQZEuQut1p06CNaw7E6UCwrb9Zy2EGOdnMaNf%2Fwhke6Cjfp01BQ%3D%3D
APPLE IPHONE 8 UNLOCKED WITH FREE 15 Plan Sim With Activation,249.0,Open box,100.0,22,US,https://www.ebay.com/itm/388581215769?_skw=smartphone+with+barometer&hash=item5a793ece19:g:aucAAeSwSTJoTbpG&amdata=enc%3AAQAKAAAA8PeG5RIuIyokJHJy903%2F5UY8qIU7NTxwYGf9k%2BhNRNvxujmegwpTVrd5I3QY24mhAJpiOj2u7CwQnVJDwlQLLMvhzl8k%2FN%2FiumyP%2B332hCuirN2E7lmBaxxafC4zgWt4Wnse2hhJmyytuNExqyLkNSTIeqIgJrtKgSkpNJeBtT8bYR9fyJxPUdAtiFTfy8epx6P0u4r%2BvEntILE3w0tdQ3r4tNIoFbhJ8CfsCfHciDO00W3%2FShgO%2F79NvGkY%2BZqQJ%2BV7GiF2I4pkecfDcKN7VP0gxhB8PiXBWLD7QN2cPyytn9dKdQD7zX1jEiQdSoP7ng%3D%3D
Samsung Galaxy Note 20 Ultra 5G N986U AT&T T-MOBILE Unlocked 128GB - Very Good,258.99,Very Good - Refurbished,98.1,145106,US,https://www.ebay.com/itm/313951860681?_skw=smartphone+with+barometer&hash=item4918fd37c9:g:q4MAAOSwm9diHv4M&amdata=enc%3AAQAKAAAA8PeG5RIuIyokJHJy903%2F5Ua6oeuCKfoROh%2BtebNul0VPdm7JzY0Cp5v9DBLTjX2O4P2WPSsDm6lchSnpwsY%2BHbdYI9v%2FKvzNvct9glpQEh%2FZlc4fOoFZeat2a2%2BoimruvJwcuK9UeOd8t3C4QVRlfkZMPiWbxDMf%2FKLk69JmRd1pj43Tyc%2BvwMIUwsm3nWGy05egkOIjK9jm0eke5AdTRJBgDSbjiATdXmUYCquB8QmS9qyEJsN6MwKwZhfKgZmrFgzfl45nE4VPoTDS3WKuikST57Q057gExyT30ETA%2BpNDYLRRX8b%2BNuH30W7jikiSBA%3D%3D
Unlocked Factory Sealed Apple iPhone SE 2022 3rd Gen With 1Y Manufacter Warranty,268.88,New,100.0,260,US,https://www.ebay.com/itm/186591928047?_skw=smartphone+with+barometer&hash=item2b71bedeef:g:ilkAAeSwlX9n-S~v
Apple iPhone 14 - 128GB - Midnight (AT&T) Excellent Condition With Box,274.95,Used,99.0,42296,US,https://www.ebay.com/itm/187400672594?_skw=smartphone+with+barometer&hash=item2ba1f35552:g:0Z8AAOSwL4ZkcOnZ
Apple iPhone 12 Pro Max-128GB/256GB-All colors(Unlocked) Functional Powerful,297.0,Used,96.7,306,CN,https://www.ebay.com/itm/357258010803?_skw=smartphone+with+barometer&hash=item532e3ca0b3:g:7D8AAOSwmZZoUjJU
"Apple iPhone 14 6.1"" with 100% üîã Battery  Factory üîì Unlocked - 1 Year Warranty",398.5,Very Good - Refurbished,99.4,21788,US,https://www.ebay.com/itm/267207140409?_skw=smartphone+with+barometer&hash=item3e36c96439:g:OkkAAOSwon1n7tUH&amdata=enc%3AAQAKAAAA8PeG5RIuIyokJHJy903%2F5UbTZGztr8sf56KLqspD%2B7EvHTUT6OP8SWbkFjtki0yWlUAHiQS2g4SlhoaElvCxZ%2BlLpf3ApHz%2FzslbjbnE0QhBHDSsdO3Se%2B5WhY7YtEk5VkYdMAOXKii%2ByGsVgUaahmkfVALP%2FKCrzvy6COsK5XMVqQAhX76G0cyji2T8HlFzIkqcpdacgzZ3nwmWQpILdJprroTlBkrIWl2g8EqWK%2BFmsh4QYVs%2BniptJhHQdfInXQz9GTEPlT75O87QDbSi2ihJZI0%2FihweYscjhqeZNwfnmgHNl4rC%2BbF%2F6hcnJ9jzjQ%3D%3D
"Motorola Moto Z2 Force Phone w/ Battery, Projector, Camera, Speaker attachments",400.0,Used,98.1,1277,US,https://www.ebay.com/itm/156861789280?_skw=smartphone+with+barometer&hash=item2485b0f460:g:Xp8AAOSwHAFn8bcp
Apple iPhone 12 Pro Max  512GB - Unlocked - Excellent Silver with Original Box,419.99,Used,97.3,2446,US,https://www.ebay.com/itm/297145844252?_skw=smartphone+with+barometer&hash=item452f45c21c:g:K4AAAOSwMx9n4cvv
Very Good Apple iPhone 13 Pro Max - 128GB/256GB/512GB - 6.7-inch (Unlocked),478.0,Used,95.5,20,CN,https://www.ebay.com/itm/357250992280?_skw=smartphone+with+barometer&hash=item532dd18898:g:qP4AAeSwwiVobTAi
Parts iPhones ,511.25,For parts or not working,100.0,23,CA,https://www.ebay.com/itm/317072556868?_skw=smartphone+with+barometer&hash=item49d2ff4344:g:CZUAAeSwFm9ob~OR
Apple iPhone 14 Pro Max-128GB/256 GB-All colors (Factory  Unlocked) So Amazing,593.47,Used,95.1,258,CN,https://www.ebay.com/itm/317029621470?_skw=smartphone+with+barometer&hash=item49d0701ede:g:Yc8AAOSwaaloVQAs
Apple iPhone 16 Pro - 128GB - Desert Titanium (AT&T/Cricket ONLY) Mint Condition,739.99,Used,97.2,6408,US,https://www.ebay.com/itm/127135023187?_skw=smartphone+with+barometer&hash=item1d99d68053:g:IpkAAeSwKdVoM3Zp
Brand New 2025 Google Pixel Unlocked From Verizon with original box ,900.0,New,100.0,4,US,https://www.ebay.com/itm/376324759811?_skw=smartphone+with+barometer&hash=item579eb42103:g:xnQAAeSwpnxoROOX
ASUS Zenfone 12 Ultra 16GB/512GB - Intnl - Not Compatible With US/UK Carriers,950.0,Open box,100.0,60,US,https://www.ebay.com/itm/167643224729?_skw=smartphone+with+barometer&hash=item2708509a99:g:qM0AAeSwbmtocrEW
